scenario,contract,fault_rate,seed,homes,variant,trigger_usd,backup_standard_h,precharge,skip_before_storm,headroom_mode,spread_by_domain,called_ticks,kept,penalty_usd,failovers_warned,failovers_silent,failovers_uncovered,cover_p50_s,cover_max_s,dark_home_h,critical_ran_out,headroom_mwh_avg,headroom_sold_mwh,net_revenue_usd,reserve_recharge_usd,contract_pnl_usd,backup_cost_usd,pre_called_ticks,pre_kept,pre_penalty_usd,pre_failovers_warned,pre_failovers_silent,pre_failovers_uncovered,pre_cover_p50_s,pre_cover_max_s,pre_dark_home_h,pre_critical_ran_out,pre_headroom_mwh_avg,pre_headroom_sold_mwh,pre_net_revenue_usd,pre_reserve_recharge_usd,pre_contract_pnl_usd,pre_backup_cost_usd,storm_called_ticks,storm_kept,storm_penalty_usd,storm_failovers_warned,storm_failovers_silent,storm_failovers_uncovered,storm_cover_p50_s,storm_cover_max_s,storm_dark_home_h,storm_critical_ran_out,storm_headroom_mwh_avg,storm_headroom_sold_mwh,storm_net_revenue_usd,storm_reserve_recharge_usd,storm_contract_pnl_usd,storm_backup_cost_usd
uri,0.1,0.001,0,3000,default,1000.0,8.0,True,False,keep,False,47,1.0,76.64693550323608,681,663,0,5.0,11.0,21827.0,37,30.729023869244852,0.0,-1332734.117971587,698791.8399407879,-632378.1359440956,698791.8399407876,5.0,1.0,0.020679553640056823,0.0,3.0,0.0,11.0,11.0,0.0,0.0,50.02983141451966,0.0,9292.87499780992,7.931706145453328,9920.6762807832,7.931706145453327,30.0,1.0,76.59698361796349,681.0,655.0,0.0,5.0,11.0,21827.0,37.0,16.857508400265687,0.0,-1363310.5398525614,698454.3258845337,-664856.2139680275,698454.3258845336
uri,0.1,0.001,1,3000,default,1000.0,8.0,True,False,keep,False,47,1.0,98.74323377915512,963,928,0,5.0,11.0,18459.0,36,30.731368749620376,0.0,-1353137.4655304728,722342.3888227668,-629218.0902511103,722342.3888227675,5.0,1.0,0.012261825269965415,0.0,3.0,0.0,11.0,11.0,0.0,0.0,50.2002525189297,0.0,9291.22348937303,8.090512105605221,9920.487713187453,8.09051210560522,30.0,1.0,98.46884134811368,963.0,915.0,0.0,5.0,11.0,18459.0,36.0,16.688760230631694,0.0,-1383405.4839915736,722072.4876505679,-661332.9963410062,722072.4876505687
uri,0.1,0.001,2,3000,default,1000.0,8.0,True,False,keep,False,47,0.9574468085106383,6378.648967616541,248,276,0,11.0,11.0,19415.0,26,30.475793902045098,0.0,-1327508.6393135074,712997.1957705874,-612941.5408672356,712997.195770587,5.0,1.0,0.021408091057622862,0.0,4.0,0.0,11.0,11.0,0.0,0.0,50.13384392460193,0.0,9299.029294191956,6.976376674437795,9920.540956933346,6.9763766744377955,30.0,0.9333333333333333,6378.376581409392,248.0,260.0,0.0,11.0,11.0,19415.0,26.0,16.33691585728766,0.0,-1346463.1515038284,712660.6036236938,-633802.5478801348,712660.6036236933
uri,0.1,0.005,0,3000,default,1000.0,8.0,True,False,keep,False,47,1.0,79.9054316521254,605,654,0,11.0,11.0,21828.75,37,31.23501049732056,0.0,-1344228.237355004,733110.0220401859,-609580.5008322637,733110.022040186,5.0,1.0,0.0801575019327868,0.0,14.0,0.0,11.0,11.0,0.0,0.0,50.05259534851234,0.0,9280.25728256123,8.019672228568094,9920.469828359217,8.019672228568096,30.0,1.0,79.37182012958169,605.0,615.0,0.0,11.0,11.0,21828.75,37.0,17.731565692894545,0.0,-1375008.9022703911,731691.8378781191,-643317.0643922719,731691.8378781192
uri,0.1,0.005,1,3000,default,1000.0,8.0,True,False,keep,False,47,1.0,103.31428439474413,846,889,0,11.0,11.0,18454.0,36,31.109968173768404,0.0,-1360313.3817746695,762828.7771319576,-595922.724477475,762828.7771319579,5.0,1.0,0.10329245472453003,0.0,20.0,0.0,11.0,11.0,0.0,0.0,50.22023038976009,0.0,9279.97805312177,8.441642090996647,9920.219659740935,8.441642090996645,30.0,1.0,102.23736146455197,846.0,835.0,0.0,5.0,11.0,18454.0,36.0,17.34677083228057,0.0,-1390981.2867571167,761427.2289708229,-629554.057786295,761427.2289708231
uri,0.1,0.005,2,3000,default,1000.0,8.0,True,False,keep,False,47,0.9574468085106383,9820.143887891916,214,319,3,11.0,11.0,19410.25,26,30.723000839928904,0.0,-1337686.3430706398,754961.441834023,-581164.7183538666,754961.4418340223,5.0,1.0,0.07401514432719974,0.0,13.0,0.0,11.0,11.0,0.0,0.0,50.147169802247205,0.0,9291.386764181792,6.9991195416085645,9920.235104754021,6.9991195416085645,30.0,0.9333333333333333,9819.231037029778,214.0,265.0,3.0,11.0,11.0,19410.25,26.0,16.76811767004937,0.0,-1356716.6812451975,753497.2916079436,-603219.3896372548,753497.2916079429
uri,0.2,0.001,0,3000,default,1000.0,8.0,True,False,keep,False,47,0.9361702127659575,9814.416755131191,681,662,0,5.0,11.0,21896.25,37,33.71111400316466,0.0,-1408235.107012948,495620.2300455848,-910656.9648493049,495620.23004558455,5.0,1.0,0.04135873774807658,0.0,3.0,0.0,11.0,11.0,0.0,0.0,49.60035837681247,0.0,18615.45356116865,8.164095108980948,19840.478692124005,8.164095108980945,30.0,0.9,9814.316773217979,681.0,654.0,0.0,5.0,11.0,21896.25,37.0,23.18071354424566,0.0,-1495239.1206056476,495295.93205773353,-999943.188547922,495295.93205773336
uri,0.2,0.001,1,3000,default,1000.0,8.0,True,False,keep,False,47,0.9787234042553191,778.4138196147995,963,929,0,5.0,11.0,18532.5,36,33.49564612138063,0.0,-1415385.956308929,512946.9915277523,-900464.2583236205,512946.99152775225,5.0,1.0,0.024459802608542015,0.0,3.0,0.0,11.0,11.0,0.0,0.0,49.78381290763079,0.0,18611.457072707577,8.400340165486766,19839.848997335568,8.40034016548677,30.0,0.9666666666666667,777.8843465742225,963.0,916.0,0.0,5.0,11.0,18532.5,36.0,22.626936767172058,0.0,-1493501.4279621146,512676.8750689331,-980824.5528931885,512676.875068933
uri,0.2,0.001,2,3000,default,1000.0,8.0,True,False,keep,False,47,0.8723404255319149,47570.90966409133,248,276,0,11.0,11.0,19480.5,26,33.225037111969556,0.0,-1442074.937443956,499448.32245496963,-940663.7620099651,499448.32245496946,5.0,1.0,0.042711415715502236,0.0,4.0,0.0,11.0,11.0,0.0,0.0,49.71216886202038,0.0,18620.63488886924,7.276418544487091,19839.869722190862,7.276418544487089,30.0,0.8,47570.29211407683,248.0,260.0,0.0,11.0,11.0,19480.5,26.0,22.33775342395854,0.0,-1496523.784542375,499129.9090880635,-997393.8754543201,499129.9090880633
uri,0.2,0.005,0,3000,default,1000.0,8.0,True,False,keep,False,47,0.8936170212765957,18629.389420244403,605,652,2,11.0,11.0,21821.0,37,33.94588385987503,0.0,-1424928.5690643971,576509.4959657558,-846496.9326183504,576509.495965756,5.0,1.0,0.16043369603070312,0.0,14.0,0.0,11.0,11.0,0.0,0.0,49.66522517731061,0.0,18597.97375532695,8.18279333914321,19839.82913967755,8.182793339143213,30.0,0.8333333333333334,18628.44165804059,605.0,613.0,2.0,11.0,11.0,21821.0,37.0,23.497724012536345,0.0,-1506815.6946292273,575129.4450551935,-931686.2495740405,575129.4450551938
uri,0.2,0.005,1,3000,default,1000.0,8.0,True,False,keep,False,47,0.9361702127659575,6371.703534508523,846,891,80,11.0,11.0,18462.5,36,33.776950067041085,0.0,-1418447.6820445373,600403.5699324695,-816096.4548532089,600403.5699324695,5.0,1.0,0.20644164748509075,0.0,20.0,0.0,11.0,11.0,0.0,0.0,49.83780437641475,0.0,18596.080447439337,8.687371808108852,19838.534531108726,8.687371808108846,30.0,0.9,6369.647699688941,846.0,837.0,80.0,5.0,11.0,18462.5,36.0,23.046519335319495,0.0,-1496180.1330741616,599057.0677548253,-897123.0653193425,599057.0677548253
uri,0.2,0.005,2,3000,default,1000.0,8.0,True,False,keep,False,47,0.8085106382978723,54915.74332179979,214,315,8,11.0,11.0,19423.0,26,33.41794401984155,0.0,-1449411.7399665944,580243.4896279572,-867225.2261135104,580243.4896279573,5.0,1.0,0.14767485996184843,0.0,13.0,0.0,11.0,11.0,0.0,0.0,49.749584513719356,0.0,18609.90147183572,7.265210511558484,19838.86564640319,7.265210511558486,30.0,0.7,54913.84040597227,214.0,261.0,8.0,11.0,11.0,19423.0,26.0,22.604704502734435,0.0,-1506634.493226997,578840.9614884964,-927793.5317385081,578840.9614884964
uri,0.3,0.001,0,3000,default,1000.0,8.0,True,False,keep,False,47,0.7446808510638298,97895.72108153171,681,661,524,11.0,11.0,21639.25,37,35.231007313039434,0.0,-1518532.276746028,466435.08618066757,-1049762.9309197795,466435.0861806676,5.0,1.0,0.06203744296789643,0.0,3.0,0.0,11.0,11.0,0.0,0.0,49.49212634722318,0.0,27947.766842531935,8.06372062747773,29758.741744619354,8.06372062747773,30.0,0.6,97895.57103609556,681.0,653.0,524.0,11.0,11.0,21639.25,37.0,26.608146793433704,0.0,-1620768.841373132,466120.1333137491,-1154648.7080593817,466120.1333137491
uri,0.3,0.001,1,3000,default,1000.0,8.0,True,False,keep,False,47,0.8297872340425532,66115.18644894815,871,828,351,5.0,11.0,18321.5,36,35.513443221649304,0.0,-1465144.743910021,480421.46831399197,-982374.4910007527,480421.4683139919,5.0,1.0,0.03670590407901159,0.0,3.0,0.0,11.0,11.0,0.0,0.0,49.68308104524735,0.0,27943.503785094494,8.215281232459423,29757.510923166392,8.215281232459423,30.0,0.7333333333333333,66114.39743034773,871.0,815.0,351.0,5.0,11.0,18321.5,36.0,26.900158124281354,0.0,-1579206.3009030377,480154.9682981982,-1099051.3326048425,480154.96829819825
uri,0.3,0.001,2,3000,default,1000.0,8.0,True,False,keep,False,47,0.6808510638297872,155274.1217804394,248,276,2,11.0,11.0,19260.5,26,35.34222222420361,0.0,-1546491.2277519244,449724.933604907,-1094429.445255978,449724.9336049066,5.0,1.0,0.06407466597275133,0.0,4.0,0.0,11.0,11.0,0.0,0.0,49.607479409017955,0.0,27953.090665002055,7.102720727062071,29757.66196194012,7.102720727062071,30.0,0.5,155273.16363889544,248.0,260.0,2.0,11.0,11.0,19260.5,26.0,26.734867552937885,0.0,-1648117.7913673571,449413.67309052695,-1198704.1182768268,449413.67309052654
uri,0.3,0.005,0,3000,default,1000.0,8.0,True,False,keep,False,47,0.6808510638297872,135136.41377631124,532,574,567,11.0,11.0,21545.5,37,34.83950737251677,0.0,-1556357.1459808147,565318.5139111027,-988749.4271327687,565318.5139111023,5.0,1.0,0.2406964504233718,0.0,14.0,0.0,11.0,11.0,0.0,0.0,49.557807381788784,0.0,27938.336314783584,8.041619651402298,29756.448846644478,8.041619651402298,30.0,0.5,135134.97971042054,532.0,535.0,567.0,11.0,11.0,21545.5,37.0,25.800404891943014,0.0,-1636606.9366790578,563957.7475116176,-1072649.1891674437,563957.7475116174
uri,0.3,0.005,1,3000,default,1000.0,8.0,True,False,keep,False,47,0.7659574468085106,96686.09477195123,759,799,771,11.0,11.0,18242.0,36,35.10804244680846,0.0,-1499148.6719918617,587371.5170402763,-909463.0459575384,587371.5170402761,5.0,1.0,0.3096918902426123,0.0,20.0,0.0,11.0,11.0,0.0,0.0,49.73748698145373,0.0,27934.77310706307,8.514321936864484,29754.47366406605,8.514321936864482,30.0,0.6333333333333333,96682.95582942163,759.0,745.0,771.0,11.0,11.0,18242.0,36.0,26.09694832961299,0.0,-1591843.2975285077,586045.8030429855,-1005797.4944855259,586045.8030429853
uri,0.3,0.005,2,3000,default,1000.0,8.0,True,False,keep,False,47,0.6595744680851063,182189.32123880295,214,313,102,11.0,11.0,19200.75,26,35.02631309597312,0.0,-1572981.6122996472,553730.9870480311,-1016940.8230617889,553730.9870480312,5.0,1.0,0.22153936775653726,0.0,13.0,0.0,11.0,11.0,0.0,0.0,49.64553701475302,0.0,27946.80376003734,7.094304713390459,29755.51473095336,7.094304713390459,30.0,0.4666666666666667,182186.45112086786,214.0,259.0,102.0,11.0,11.0,19200.75,26.0,26.031030116611017,0.0,-1669799.2541653265,552342.3098565374,-1117456.9443087885,552342.3098565375
uri,0.4,0.001,0,3000,default,1000.0,8.0,True,False,keep,False,47,0.6382978723404256,238234.4799028297,595,576,956,11.0,11.0,21342.25,37,36.34957069242518,0.0,-1657628.1107001395,468068.2209071867,-1186919.443478381,468068.2209071868,5.0,1.0,0.08271552446091429,0.0,3.0,0.0,11.0,11.0,0.0,0.0,49.39450667213961,0.0,37339.43708315573,7.937244991287237,39667.237072735086,7.937244991287239,30.0,0.43333333333333335,238234.27984346685,595.0,568.0,956.0,11.0,11.0,21342.25,37.0,28.40520907655102,0.0,-1742338.9094712904,467753.4235089993,-1274585.4859622964,467753.42350899935
uri,0.4,0.001,1,3000,default,1000.0,8.0,True,False,keep,False,47,0.6382978723404256,201034.31999329376,758,713,1137,11.0,11.0,18075.25,36,36.70778252384244,0.0,-1602019.5666704925,482217.7138081188,-1117149.2642916024,482217.71380811895,5.0,1.0,0.048949157375036974,0.0,3.0,0.0,11.0,11.0,0.0,0.0,49.58798003718587,0.0,37339.886166223754,7.985473064890044,39666.71148395909,7.985473064890043,30.0,0.43333333333333335,201033.24587597762,758.0,700.0,1137.0,11.0,11.0,18075.25,36.0,28.898800736400215,0.0,-1696711.4157712166,481951.6783254889,-1214759.7374457303,481951.67832548916
uri,0.4,0.001,2,3000,default,1000.0,8.0,True,False,keep,False,47,0.6382978723404256,295409.4462482129,248,276,291,11.0,11.0,19008.0,26,36.63879663725984,0.0,-1689745.461130371,446992.6289945451,-1240112.7470674114,446992.62899454474,5.0,1.0,0.08543613964188451,0.0,4.0,0.0,11.0,11.0,0.0,0.0,49.51036211116005,0.0,37347.15645274267,6.889201883606215,39665.86753486199,6.889201883606217,30.0,0.43333333333333335,295408.27262941917,248.0,260.0,291.0,5.0,11.0,19008.0,26.0,28.830634564612343,0.0,-1786370.3995540044,446681.70198396326,-1339688.6975700469,446681.7019839629
uri,0.4,0.005,0,3000,default,1000.0,8.0,True,False,keep,False,47,0.574468085106383,302823.935302957,491,545,918,11.0,11.0,21273.5,37,36.115429701797815,0.0,-1720575.3715659203,568353.1759710183,-1149625.0635457328,568353.175971018,5.0,1.0,0.3209647600984703,0.0,14.0,0.0,11.0,11.0,0.0,0.0,49.46263356148885,0.0,37319.04943640099,7.921657942764466,39659.05894298044,7.9216579427644636,30.0,0.3333333333333333,302822.00513043755,491.0,506.0,918.0,11.0,11.0,21273.5,37.0,27.532789084422397,0.0,-1780289.1405733856,566989.9624627488,-1213299.1781106398,566989.9624627485
uri,0.4,0.005,1,3000,default,1000.0,8.0,True,False,keep,False,47,0.574468085106383,267904.57383484277,566,605,1020,11.0,11.0,17997.75,36,36.29150432495688,0.0,-1671935.2598743136,595050.0954065302,-1074266.553390774,595050.0954065301,5.0,1.0,0.41290187175653176,0.0,20.0,0.0,11.0,11.0,0.0,0.0,49.64373929068616,0.0,37323.19877006044,8.387125579588801,39659.84629994968,8.387125579588805,30.0,0.3333333333333333,267900.35327853303,566.0,551.0,1020.0,11.0,11.0,17997.75,36.0,27.7509030624098,0.0,-1737016.5728990883,593727.6246236215,-1143288.948275468,593727.6246236213
uri,0.4,0.005,2,3000,default,1000.0,8.0,True,False,keep,False,47,0.6170212765957447,327926.6323113793,214,313,397,11.0,11.0,18948.0,26,36.08506191422803,0.0,-1721364.6972134926,562880.6244747504,-1155870.510302355,562880.6244747506,5.0,1.0,0.2954116763378224,0.0,13.0,0.0,11.0,11.0,0.0,0.0,49.54956601146699,0.0,37335.84615876804,6.926871821814261,39660.93853955661,6.926871821814263,30.0,0.4,327922.9156951391,214.0,259.0,397.0,11.0,11.0,18948.0,26.0,27.513724930372486,0.0,-1787441.6888422333,561500.7283269973,-1225940.960515239,561500.7283269975
uri,0.6,0.001,0,3000,default,1000.0,8.0,True,False,keep,False,47,0.48936170212765956,640236.7646157545,553,547,1075,11.0,11.0,21251.5,37,38.54410568956104,0.0,-2079922.5771640358,469497.1788210492,-1608574.286981325,469497.1788210494,5.0,1.0,0.12543808703610887,0.0,3.0,0.0,11.0,11.0,0.0,0.0,49.53310882031001,0.0,47319.8207999469,7.832948305285836,49089.09463890139,7.832948305285837,30.0,0.23333333333333334,622187.730988246,553.0,539.0,1075.0,11.0,11.0,21251.5,37.0,30.82113821446044,0.0,-2088911.1364022112,469182.55426960543,-1619728.5821326128,469182.5542696056
uri,0.6,0.001,1,3000,default,1000.0,8.0,True,False,keep,False,47,0.46808510638297873,599386.7286772515,644,610,1206,11.0,11.0,17977.25,36,38.86711217608804,0.0,-2025633.4420745901,487625.93028701795,-1536115.618501888,487625.93028701807,5.0,1.0,0.07461634753884105,0.0,3.0,0.0,11.0,11.0,0.0,0.0,49.687821028743926,0.0,47517.53266339225,7.903327087870089,49333.58276619946,7.903327087870089,30.0,0.2,584931.8801915598,644.0,597.0,1204.0,5.0,11.0,17977.25,36.0,31.305175866673743,0.0,-2038937.2580255494,487360.2640760326,-1551576.9939495241,487360.2640760328
uri,0.6,0.001,2,3000,default,1000.0,8.0,True,False,keep,False,47,0.5106382978723404,675494.3532953928,248,276,505,11.0,11.0,18911.75,26,38.680207269796206,0.0,-2091366.0633195143,456359.51642499305,-1633124.1615281082,456359.51642499294,5.0,1.0,0.12263788071295126,0.0,4.0,0.0,11.0,11.0,0.0,0.0,49.622657697995976,0.0,47456.77559672224,7.2544954993043635,49254.91449694725,7.2544954993043635,30.0,0.26666666666666666,658501.5488554875,248.0,260.0,505.0,11.0,11.0,18911.75,26.0,31.03007400444793,0.0,-2102265.8412752403,456048.3726740937,-1646217.4686011537,456048.3726740936
uri,0.6,0.005,0,3000,default,1000.0,8.0,True,False,keep,False,47,0.425531914893617,758622.2909652105,491,545,972,11.0,11.0,21256.25,37,38.02652223615969,0.0,-2173950.4253977677,566371.7685512393,-1605959.0695700697,566371.7685512388,5.0,1.0,0.4883945634078985,0.0,14.0,0.0,11.0,11.0,0.0,0.0,50.25633109651562,0.0,44831.0284182046,7.821366195990349,46246.992427320176,7.821366195990349,30.0,0.2,694684.1842103973,491.0,506.0,971.0,11.0,11.0,21256.25,37.0,29.17204984914824,0.0,-2128328.0399879934,565008.7373266318,-1563319.3026613693,565008.7373266316
uri,0.6,0.005,1,3000,default,1000.0,8.0,True,False,keep,False,47,0.425531914893617,718775.2745012732,566,602,1070,11.0,11.0,17982.75,36,38.18990913343717,0.0,-2122521.775201464,593929.6785793394,-1526889.6800120363,593929.6785793394,5.0,1.0,0.630950032412054,0.0,20.0,0.0,11.0,11.0,0.0,0.0,50.25034434882685,0.0,45452.65984762314,9.199397142535958,46949.796229712185,9.199397142535956,30.0,0.2,659030.8449673462,566.0,551.0,1067.0,11.0,11.0,17982.75,36.0,29.455651600436454,0.0,-2081939.11997027,592606.7240257806,-1489332.395944497,592606.7240257806
uri,0.6,0.005,2,3000,default,1000.0,8.0,True,False,keep,False,47,0.425531914893617,778476.7725707679,214,311,462,11.0,11.0,18926.0,26,37.953681532884715,0.0,-2169747.980899591,561384.4110256386,-1606609.9889179703,561384.4110256386,5.0,1.0,0.4438707577308024,0.0,13.0,0.0,11.0,11.0,0.0,0.0,50.04874582197755,0.0,45826.78862147144,8.362512344974922,47367.59386679017,8.362512344974922,30.0,0.2,719127.5087001473,214.0,259.0,456.0,11.0,11.0,18926.0,26.0,29.17600036751531,0.0,-2130461.896592675,560003.22906541,-1570458.6675272728,560003.2290654099
normal,0.1,0.001,0,3000,default,1000.0,8.0,True,False,keep,False,6,1.0,0.01826157157431814,0,3,0,11.0,11.0,0.0,0,59.20457405181533,0.0,17102.211823970418,1.887473096879995,16982.423303030573,1.8874730968799949,,,,,,,,,,,,,,,,,,,,,,,,,,,,,,,,
normal,0.1,0.001,1,3000,default,1000.0,8.0,True,False,keep,False,6,1.0,0.03959560089658165,0,6,0,11.0,11.0,0.0,0,59.31073947296082,0.0,17100.042115211952,2.4171653490671834,16982.390281810418,2.417165349067184,,,,,,,,,,,,,,,,,,,,,,,,,,,,,,,,
normal,0.1,0.001,2,3000,default,1000.0,8.0,True,False,keep,False,6,1.0,0.03247472474694614,0,3,0,11.0,11.0,0.0,0,59.269305505993,0.0,17094.285588854,2.8197558200658053,16982.264924183917,2.8197558200658053,,,,,,,,,,,,,,,,,,,,,,,,,,,,,,,,
normal,0.1,0.005,0,3000,default,1000.0,8.0,True,False,keep,False,6,1.0,0.11553419445981734,0,15,0,11.0,11.0,0.0,0,59.284617723852165,0.0,17088.242951700664,1.893349596881374,16982.090778026177,1.8933495968813738,,,,,,,,,,,,,,,,,,,,,,,,,,,,,,,,
normal,0.1,0.005,1,3000,default,1000.0,8.0,True,False,keep,False,6,1.0,0.1467468546447315,0,21,0,11.0,11.0,0.0,0,59.394160980585575,0.0,17084.561077755825,2.9470974549031195,16981.594493880562,2.94709745490312,,,,,,,,,,,,,,,,,,,,,,,,,,,,,,,,
normal,0.1,0.005,2,3000,default,1000.0,8.0,True,False,keep,False,6,1.0,0.16815414392909303,0,25,0,11.0,11.0,0.0,0,59.34237556311072,0.0,17081.299485585085,3.0118728843539166,16981.886764191615,3.011872884353917,,,,,,,,,,,,,,,,,,,,,,,,,,,,,,,,
normal,0.2,0.001,0,3000,default,1000.0,8.0,True,False,keep,False,6,1.0,0.03652493023747792,0,3,0,11.0,11.0,0.0,0,58.988761032731006,0.0,33596.73922953197,2.4347266557133658,33962.220149994246,2.434726655713366,,,,,,,,,,,,,,,,,,,,,,,,,,,,,,,,
normal,0.2,0.001,1,3000,default,1000.0,8.0,True,False,keep,False,6,1.0,0.0791946353224183,0,6,0,11.0,11.0,0.0,0,59.09933038466964,0.0,33592.98294982838,3.2025373042231107,33961.39376351045,3.20253730422311,,,,,,,,,,,,,,,,,,,,,,,,,,,,,,,,
normal,0.2,0.001,2,3000,default,1000.0,8.0,True,False,keep,False,6,1.0,0.06495042223268317,0,3,0,11.0,11.0,0.0,0,59.05599105308257,0.0,33587.030106514016,3.675425589380462,33960.94130304372,3.6754255893804615,,,,,,,,,,,,,,,,,,,,,,,,,,,,,,,,
normal,0.2,0.005,0,3000,default,1000.0,8.0,True,False,keep,False,6,1.0,0.23107317863829394,0,15,0,11.0,11.0,0.0,0,59.09200968739034,0.0,33579.90205746164,1.9262035098170256,33958.11561123303,1.926203509817025,,,,,,,,,,,,,,,,,,,,,,,,,,,,,,,,
normal,0.2,0.005,1,3000,default,1000.0,8.0,True,False,keep,False,6,1.0,0.29350316977510327,0,21,0,11.0,11.0,0.0,0,59.20786364522843,0.0,33572.73362847968,3.154404213536935,33954.85404777936,3.1544042135369352,,,,,,,,,,,,,,,,,,,,,,,,,,,,,,,,
normal,0.2,0.005,2,3000,default,1000.0,8.0,True,False,keep,False,6,1.0,0.3362907868933093,0,25,0,11.0,11.0,0.0,0,59.15000977595197,0.0,33567.3531485352,3.36836209986601,33952.7467028921,3.36836209986601,,,,,,,,,,,,,,,,,,,,,,,,,,,,,,,,
normal,0.3,0.001,0,3000,default,1000.0,8.0,True,False,keep,False,6,1.0,0.05479065938952493,0,3,0,11.0,11.0,0.0,0,58.84199868605377,0.0,50113.59138599226,1.7878209965464869,50936.493469319634,1.7878209965464869,,,,,,,,,,,,,,,,,,,,,,,,,,,,,,,,
normal,0.3,0.001,1,3000,default,1000.0,8.0,True,False,keep,False,6,1.0,0.11879827686229161,0,6,0,11.0,11.0,0.0,0,58.955717667740586,0.0,50105.10922443706,2.6711438331385517,50930.296453737275,2.671143833138552,,,,,,,,,,,,,,,,,,,,,,,,,,,,,,,,
normal,0.3,0.001,2,3000,default,1000.0,8.0,True,False,keep,False,6,1.0,0.09742738229423309,0,3,0,11.0,11.0,0.0,0,58.90975105705171,0.0,50101.47217675289,2.762340583407887,50931.87388614107,2.7623405834078874,,,,,,,,,,,,,,,,,,,,,,,,,,,,,,,,
normal,0.3,0.005,0,3000,default,1000.0,8.0,True,False,keep,False,6,1.0,0.3466186110121202,0,15,0,11.0,11.0,0.0,0,58.947409647728136,0.0,50090.65238482144,1.558090013818795,50917.84189913875,1.5580900138187952,,,,,,,,,,,,,,,,,,,,,,,,,,,,,,,,
normal,0.3,0.005,1,3000,default,1000.0,8.0,True,False,keep,False,6,1.0,0.440272074499502,0,21,0,11.0,11.0,0.0,0,59.064895000637726,0.0,50087.34902827276,3.2328913582514813,50918.060366299556,3.23289135825148,,,,,,,,,,,,,,,,,,,,,,,,,,,,,,,,
normal,0.3,0.005,2,3000,default,1000.0,8.0,True,False,keep,False,6,1.0,0.5044019708166653,0,25,0,11.0,11.0,0.0,0,59.00527374570223,0.0,50077.14460807533,2.4423410261895144,50911.44588826633,2.442341026189514,,,,,,,,,,,,,,,,,,,,,,,,,,,,,,,,
normal,0.4,0.001,0,3000,default,1000.0,8.0,True,False,keep,False,6,1.0,0.07305963253088976,0,3,0,11.0,11.0,0.0,0,58.71155125493456,0.0,65343.62351831086,1.567818662482459,66528.47693160374,1.5678186624824595,,,,,,,,,,,,,,,,,,,,,,,,,,,,,,,,
normal,0.4,0.001,1,3000,default,1000.0,8.0,True,False,keep,False,6,1.0,0.1584083368339969,0,6,0,11.0,11.0,0.0,0,58.81865464458958,0.0,65943.64895094192,2.4442983262611344,67149.61376894794,2.444298326261135,,,,,,,,,,,,,,,,,,,,,,,,,,,,,,,,
normal,0.4,0.001,2,3000,default,1000.0,8.0,True,False,keep,False,6,1.0,0.1299060222584939,0,3,0,11.0,11.0,0.0,0,58.7743904144934,0.0,65836.49156142041,2.2559701555684786,67044.21826736501,2.2559701555684772,,,,,,,,,,,,,,,,,,,,,,,,,,,,,,,,
normal,0.4,0.005,0,3000,default,1000.0,8.0,True,False,keep,False,6,1.0,0.46217300856967325,0,15,0,11.0,11.0,0.0,0,58.88948038174052,0.0,58075.16127449411,1.6148886887970868,59022.21544499441,1.6148886887970868,,,,,,,,,,,,,,,,,,,,,,,,,,,,,,,,
normal,0.4,0.005,1,3000,default,1000.0,8.0,True,False,keep,False,6,1.0,0.5870581804973923,0,21,0,11.0,11.0,0.0,0,58.99945005828948,0.0,58692.660640685484,3.8176763648255205,59664.14167515781,3.8176763648255223,,,,,,,,,,,,,,,,,,,,,,,,,,,,,,,,
normal,0.4,0.005,2,3000,default,1000.0,8.0,True,False,keep,False,6,1.0,0.6724745461221868,0,25,0,11.0,11.0,0.0,0,58.931189540452124,0.0,59655.334889678365,2.104060335895395,60661.95541879834,2.1040603358953947,,,,,,,,,,,,,,,,,,,,,,,,,,,,,,,,
normal,0.6,0.001,0,3000,default,1000.0,8.0,True,False,keep,False,6,1.0,0.11222254474531582,0,3,0,11.0,11.0,0.0,0,59.06242565204267,0.0,36790.6127410733,2.192645928164362,36908.6202550506,2.192645928164361,,,,,,,,,,,,,,,,,,,,,,,,,,,,,,,,
normal,0.6,0.001,1,3000,default,1000.0,8.0,True,False,keep,False,6,1.0,0.22267510650118644,0,6,0,11.0,11.0,0.0,0,59.131774277057026,0.0,37471.44803471421,4.1254445094566075,37618.616378125545,4.125444509456607,,,,,,,,,,,,,,,,,,,,,,,,,,,,,,,,
normal,0.6,0.001,2,3000,default,1000.0,8.0,True,False,keep,False,6,1.0,0.18541238252709072,0,3,0,11.0,11.0,0.0,0,59.096741252528524,0.0,37430.499770690905,3.151672558246419,37578.82174890309,3.1516725582464176,,,,,,,,,,,,,,,,,,,,,,,,,,,,,,,,
normal,0.6,0.005,0,3000,default,1000.0,8.0,True,False,keep,False,6,1.0,0.652752291717109,0,15,0,11.0,11.0,0.0,0,59.96873467376151,0.0,26096.396097228375,5.907593694119803,25981.18869120798,5.907593694119805,,,,,,,,,,,,,,,,,,,,,,,,,,,,,,,,
normal,0.6,0.005,1,3000,default,1000.0,8.0,True,False,keep,False,6,1.0,0.8923323582508511,0,21,0,11.0,11.0,0.0,0,60.027303942683645,0.0,26787.078310565816,7.381721229507146,26695.466684782576,7.381721229507145,,,,,,,,,,,,,,,,,,,,,,,,,,,,,,,,
normal,0.6,0.005,2,3000,default,1000.0,8.0,True,False,keep,False,6,1.0,1.022939043142573,0,25,0,11.0,11.0,0.0,0,59.97103891145037,0.0,28365.267435218164,5.391451832722326,28281.39202498206,5.391451832722327,,,,,,,,,,,,,,,,,,,,,,,,,,,,,,,,
uri,0.1,0.001,0,3000,trigger $500,500.0,8.0,True,False,keep,False,54,1.0,76.67207758379894,681,665,0,5.0,11.0,21832.5,37,30.502523159192062,0.0,-1329820.8320919941,699045.1919415828,-628241.881750759,699045.1919415828,12.0,1.0,0.02733564166441792,0.0,5.0,0.0,11.0,11.0,0.0,0.0,49.52061358766192,0.0,14309.933166067027,8.57065844957736,15907.962859058083,8.570658449577358,30.0,1.0,76.6154195569071,681.0,655.0,0.0,5.0,11.0,21832.5,37.0,16.790621838081705,0.0,-1365405.6576675088,698707.0389330245,-666698.6187344843,698707.0389330245
uri,0.1,0.001,1,3000,trigger $500,500.0,8.0,True,False,keep,False,54,1.0,98.79584475842219,963,928,0,5.0,11.0,18463.0,36,30.511759310136497,0.0,-1350103.100471036,722535.2854266195,-625018.2739680111,722535.28542662,12.0,1.0,0.012204857470641588,0.0,3.0,0.0,11.0,11.0,0.0,0.0,49.70374587943138,0.0,14305.161244522005,8.741522437546784,15907.607345296668,8.741522437546784,30.0,1.0,98.52183074984632,963.0,915.0,0.0,5.0,11.0,18463.0,36.0,16.62347605937314,0.0,-1385378.146769024,722264.5215381302,-663113.6252308944,722264.5215381309
uri,0.1,0.001,2,3000,trigger $500,500.0,8.0,True,False,keep,False,54,0.9629629629629629,6525.809519433019,248,280,0,11.0,11.0,19418.5,26,30.251128217975268,0.0,-1324719.3553814045,713257.8386647081,-608920.8550604504,713257.8386647077,12.0,1.0,0.040967736530601866,0.0,8.0,0.0,11.0,11.0,0.0,0.0,49.63139773982587,0.0,14314.815738275563,7.62563447407625,15907.694817830587,7.625634474076253,30.0,0.9333333333333333,6525.517403470502,248.0,260.0,0.0,11.0,11.0,19418.5,26.0,16.267812454707446,0.0,-1348681.235065627,712920.554661911,-635760.6804037162,712920.5546619105
uri,0.3,0.001,0,3000,trigger $500,500.0,8.0,True,False,keep,False,54,0.7777777777777778,97895.74108208323,681,663,524,11.0,11.0,21639.25,37,34.734563039233215,0.0,-1503532.8900472496,466435.9670521096,-1031826.4313841042,466435.9670521096,12.0,1.0,0.08201679064469497,0.0,5.0,0.0,11.0,11.0,0.0,0.0,47.83970958943834,0.0,42959.198318098526,8.758466252491372,47707.099786536506,8.758466252491372,30.0,0.6,97895.5710358562,681.0,653.0,524.0,11.0,11.0,21639.25,37.0,26.6078824953082,0.0,-1620773.266635308,466120.3194395661,-1154652.947195741,466120.3194395661
uri,0.3,0.001,1,3000,trigger $500,500.0,8.0,True,False,keep,False,54,0.8518518518518519,66115.18642369239,871,828,351,5.0,11.0,18321.5,36,35.01573264396805,0.0,-1450137.3930569023,480422.0782347592,-964430.8127885944,480422.0782347592,12.0,1.0,0.03667269510509638,0.0,3.0,0.0,11.0,11.0,0.0,0.0,48.02567007152701,0.0,42959.11620924069,8.781033240291192,47709.40640583092,8.781033240291196,30.0,0.7333333333333333,66114.3974305409,871.0,815.0,351.0,5.0,11.0,18321.5,36.0,26.899975955642308,0.0,-1579209.2723663268,480155.0124669576,-1099054.2598993722,480155.0124669577
uri,0.3,0.001,2,3000,trigger $500,500.0,8.0,True,False,keep,False,54,0.7222222222222222,155274.18072191422,248,280,2,11.0,11.0,19260.5,26,34.84474706267226,0.0,-1531495.145716894,449727.88588678313,-1076495.1020137994,449727.8858867827,12.0,1.0,0.12298896477335014,0.0,8.0,0.0,11.0,11.0,0.0,0.0,47.9518385717241,0.0,42963.3865617851,7.81020368947831,47703.97416865821,7.8102036894783105,30.0,0.5,155273.16363890216,248.0,260.0,2.0,11.0,11.0,19260.5,26.0,26.734520787003454,0.0,-1648124.3104214482,449415.9178894406,-1198708.3925320054,449415.91788944026
uri,0.1,0.001,0,3000,"trigger $3,000",3000.0,8.0,True,False,keep,False,39,1.0,77.15888409426844,681,657,0,5.0,11.0,21576.5,37,32.37072306803936,0.0,-1263671.8171861633,688880.0223094331,-573322.968904145,688880.0223094331,1.0,1.0,0.0,0.0,0.0,0.0,,,0.0,0.0,51.59171123360862,0.0,6228.634214337714,7.282716216727387,6762.059408905373,7.282716216727387,26.0,1.0,77.0480129425143,681.0,651.0,0.0,5.0,11.0,21576.5,37.0,18.48758530225864,0.0,-1315613.3325088914,688543.2419525397,-627070.090556353,688543.2419525399
uri,0.1,0.001,1,3000,"trigger $3,000",3000.0,8.0,True,False,keep,False,39,1.0,97.51398555730546,963,921,0,5.0,11.0,18252.25,36,32.361548067816095,0.0,-1287675.1629037478,713187.3450745633,-573008.9848276302,713187.3450745638,1.0,1.0,0.0,0.0,0.0,0.0,,,0.0,0.0,51.7597430030531,0.0,6230.01790706146,7.3031449723696475,6761.856666529329,7.303144972369648,26.0,1.0,97.2442292724595,963.0,913.0,0.0,5.0,11.0,18252.25,36.0,18.301785931951027,0.0,-1339210.8872644447,712918.7854944458,-626292.1017700008,712918.7854944463
uri,0.1,0.001,2,3000,"trigger $3,000",3000.0,8.0,True,False,keep,False,39,0.9743589743589743,1801.3072352350953,248,271,0,11.0,11.0,19197.0,26,32.14693424025924,0.0,-1254293.7508867711,701090.483796183,-551730.2551142216,701090.4837961826,1.0,1.0,0.0,0.0,0.0,0.0,,,0.0,0.0,51.69347763053347,0.0,6237.491248557655,6.0866615122992735,6762.0157845858475,6.0866615122992735,26.0,0.9615384615384616,1800.994427899364,248.0,260.0,0.0,11.0,11.0,19197.0,26.0,18.032459496416504,0.0,-1294546.3400464978,700755.0677638517,-593791.2722826484,700755.067763851
uri,0.3,0.001,0,3000,"trigger $3,000",3000.0,8.0,True,False,keep,False,39,0.6923076923076923,97895.83735471689,681,655,524,11.0,11.0,21637.5,37,36.12600446832662,0.0,-1444763.7238068301,466249.6522346543,-977460.2514419766,466249.65223465435,1.0,1.0,0.0,0.0,0.0,0.0,,,0.0,0.0,50.812091412908025,0.0,19754.794987031426,7.286826380488647,20284.689760953985,7.286826380488647,26.0,0.5384615384615384,97895.50467046103,681.0,649.0,524.0,11.0,11.0,21637.5,37.0,26.97407556359137,0.0,-1610764.1703345785,465935.31873938657,-1144828.851595196,465935.3187393866
uri,0.3,0.001,1,3000,"trigger $3,000",3000.0,8.0,True,False,keep,False,39,0.7948717948717948,66115.099533381,871,821,351,5.0,11.0,18320.0,36,36.41066944125006,0.0,-1390948.7816409657,480209.16840575164,-909676.590788178,480209.16840575164,1.0,1.0,0.0,0.0,0.0,0.0,,,0.0,0.0,50.98034240271131,0.0,19756.143664919604,7.311095239780662,20284.07606927636,7.311095239780663,26.0,0.6923076923076923,66114.31748519315,871.0,813.0,351.0,5.0,11.0,18320.0,36.0,27.291429331110194,0.0,-1568763.517628857,479943.33226962795,-1088820.1853592321,479943.33226962795
uri,0.3,0.001,2,3000,"trigger $3,000",3000.0,8.0,True,False,keep,False,39,0.6153846153846154,155274.29230511902,248,271,2,11.0,11.0,19259.75,26,36.234961293480076,0.0,-1472300.193283281,449498.36155742046,-1021747.8112229866,449498.36155742005,1.0,1.0,0.0,0.0,0.0,0.0,,,0.0,0.0,50.914005167301525,0.0,19763.69280873586,6.0866615122992735,20284.490015990596,6.0866615122992735,26.0,0.4230769230769231,155273.20790119114,248.0,260.0,2.0,11.0,11.0,19259.75,26.0,27.109768981847715,0.0,-1637687.2024968779,449187.7934808155,-1188499.4090160613,449187.793480815
uri,0.1,0.001,0,3000,standard backup 4 h,1000.0,4.0,True,False,keep,False,47,1.0,81.02635190453685,720,703,0,5.0,11.0,21900.5,37,41.524055966216686,0.0,-1165420.2797460738,531264.6755894183,-631964.1599419448,531264.6755894186,5.0,1.0,0.020474172790091442,0.0,3.0,0.0,11.0,11.0,0.0,0.0,66.68645887757124,0.0,9332.403861945124,7.821196207565079,9920.900627657611,7.82119620756508,30.0,1.0,80.9758783738796,720.0,695.0,0.0,5.0,11.0,21900.5,37.0,22.696092148653086,0.0,-1204762.074620088,530740.9790984964,-674021.0955215916,530740.9790984966
uri,0.1,0.001,1,3000,standard backup 4 h,1000.0,4.0,True,False,keep,False,47,1.0,99.19898595990811,1006,970,0,5.0,11.0,18519.0,36,41.81902645729333,0.0,-1205540.3879631455,561327.5316112309,-642010.9946993359,561327.531611231,5.0,1.0,0.013906198862812434,0.0,3.0,0.0,11.0,11.0,0.0,0.0,66.87805288047419,0.0,9333.243547987333,7.941512988455895,9920.731849607999,7.941512988455895,30.0,1.0,98.92736444192309,1006.0,957.0,0.0,5.0,11.0,18519.0,36.0,23.083249056599136,0.0,-1247057.664641303,560914.1515931591,-686143.5130481435,560914.1515931592
uri,0.1,0.001,2,3000,standard backup 4 h,1000.0,4.0,True,False,keep,False,47,1.0,28.363730794747113,248,277,0,11.0,11.0,19486.25,26,41.39411003724585,0.0,-1157856.3677270995,558156.5826682597,-597500.4073913727,558156.5826682601,5.0,1.0,0.020633362547744727,0.0,4.0,0.0,11.0,11.0,0.0,0.0,66.77510484948732,0.0,9340.476425409071,6.837276592924831,9920.813812198363,6.837276592924832,30.0,1.0,28.04623446188248,248.0,261.0,0.0,11.0,11.0,19486.25,26.0,22.47861400041767,0.0,-1184562.442615945,557646.5872050582,-626915.8554108867,557646.5872050587
uri,0.3,0.001,0,3000,standard backup 4 h,1000.0,4.0,True,False,keep,False,47,0.9361702127659575,12806.912988715858,720,703,0,5.0,11.0,22740.75,37,47.204878645011696,0.0,-1336426.40232442,218213.9682579498,-1115177.965512579,218213.96825794963,5.0,1.0,0.061422046549365526,0.0,3.0,0.0,11.0,11.0,0.0,0.0,66.22755457940022,0.0,27918.141211124585,8.217351047444618,29760.871870508818,8.217351047444616,30.0,0.9,12806.761381446131,720.0,695.0,0.0,5.0,11.0,22740.75,37.0,34.29939095069788,0.0,-1484336.5714631085,217721.42494314114,-1266615.1465199622,217721.42494314097
uri,0.3,0.001,1,3000,standard backup 4 h,1000.0,4.0,True,False,keep,False,47,0.9574468085106383,9675.714581437707,1005,971,0,5.0,11.0,19223.0,36,46.875662688852344,0.0,-1356669.361736136,236453.78532520894,-1117139.7860074556,236453.7853252088,5.0,1.0,0.04176637515694275,0.0,3.0,0.0,11.0,11.0,0.0,0.0,66.43718039650769,0.0,27914.310372876665,8.414493019413854,29759.980260079068,8.414493019413856,30.0,0.9333333333333333,9674.943624353225,1005.0,958.0,0.0,5.0,11.0,19223.0,36.0,33.47170238539593,0.0,-1509960.6989300703,236052.9913160372,-1273907.7076140263,236052.99131603708
uri,0.3,0.001,2,3000,standard backup 4 h,1000.0,4.0,True,False,keep,False,47,0.8297872340425532,77719.14647783137,248,277,1,11.0,11.0,20238.5,26,46.53998107714117,0.0,-1410848.6692370626,220309.72297340925,-1187469.889096848,220309.72297340925,5.0,1.0,0.06189741395387947,0.0,4.0,0.0,11.0,11.0,0.0,0.0,66.32668780708713,0.0,27923.50037084306,7.2938013860681075,29759.92729773267,7.2938013860681075,30.0,0.7333333333333333,77718.18997641631,248.0,261.0,1.0,11.0,11.0,20238.5,26.0,33.09936619430987,0.0,-1540947.050031852,219837.07426934238,-1321109.9757625018,219837.07426934238
uri,0.1,0.001,0,3000,standard backup 12 h,1000.0,12.0,True,False,keep,False,47,0.9361702127659575,8331.955497818446,402,427,0,11.0,11.0,21445.25,37,20.834154528972114,0.0,-1459875.2893557642,1024685.958285524,-434107.42918254837,1024685.9582855242,5.0,1.0,0.020534883580197626,0.0,3.0,0.0,11.0,11.0,0.0,0.0,33.23329721011498,0.0,9123.409702424062,51.041689169595,9880.24213766633,51.04168916959498,30.0,0.9,8331.906873353626,402.0,420.0,0.0,11.0,11.0,21445.25,37.0,12.79482090034446,0.0,-1502036.8305695355,1024609.1226676675,-477427.7079018707,1024609.1226676677
uri,0.1,0.001,1,3000,standard backup 12 h,1000.0,12.0,True,False,keep,False,47,0.9787234042553191,1153.9342461119104,666,636,0,5.0,11.0,18150.5,36,20.799343766498296,0.0,-1453923.6363274914,1027017.6182565299,-425803.3309756935,1027017.61825653,5.0,1.0,0.008989482684383345,0.0,3.0,0.0,11.0,11.0,0.0,0.0,33.396603737557335,0.0,9113.67369201322,53.19856682884438,9875.305454848167,53.19856682884437,30.0,0.9666666666666667,1153.7220063562072,666.0,624.0,0.0,5.0,11.0,18150.5,36.0,12.599148128534674,0.0,-1488790.6952232402,1026937.3115199613,-461853.3837032815,1026937.3115199616
uri,0.1,0.001,2,3000,standard backup 12 h,1000.0,12.0,True,False,keep,False,47,0.8723404255319149,23561.42305585665,197,230,0,11.0,11.0,19082.25,26,20.62707062673872,0.0,-1450169.9040848536,1008106.8539555586,-440971.2397339906,1008106.8539555583,5.0,1.0,0.024101438020139518,0.0,4.0,0.0,11.0,11.0,0.0,0.0,33.35516559428659,0.0,9127.117893444845,50.52040946558766,9879.398638762927,50.520409465587676,30.0,0.8,23561.13960863603,197.0,218.0,0.0,11.0,11.0,19082.25,26.0,12.381886828408813,0.0,-1476451.1637804154,1008029.1125664688,-468422.05121394945,1008029.1125664684
uri,0.3,0.001,0,3000,standard backup 12 h,1000.0,12.0,True,False,keep,False,47,0.5319148936170213,277165.0565015935,337,366,555,11.0,11.0,21250.0,37,23.074143394651685,0.0,-1740616.2397159059,988470.4390959396,-750356.0904134833,988470.4390959395,5.0,1.0,0.061619632825769405,0.0,3.0,0.0,11.0,11.0,0.0,0.0,32.83267233529527,0.0,27212.392435036218,19.51609967177792,28969.98735543706,19.5160996717779,30.0,0.3,273084.79754420987,337.0,359.0,555.0,11.0,11.0,21250.0,37.0,16.897600364370224,0.0,-1768849.4796569985,988447.6473513832,-780401.8323056188,988447.6473513829
uri,0.3,0.001,1,3000,standard backup 12 h,1000.0,12.0,True,False,keep,False,47,0.5531914893617021,249100.9947316855,404,400,632,11.0,11.0,17976.75,36,23.431190803676962,0.0,-1711559.1986369558,991088.570276805,-718678.3728596858,991088.5702768044,5.0,1.0,0.02607463798360476,0.0,3.0,0.0,11.0,11.0,0.0,0.0,33.018302000070484,0.0,27258.838517846987,20.739876382861315,29023.058089978047,20.73987638286132,30.0,0.3,249100.26693376907,404.0,388.0,632.0,11.0,11.0,17976.75,36.0,17.41638993905436,0.0,-1744556.4000142212,991064.1926139898,-753492.2074002349,991064.1926139892
uri,0.3,0.001,2,3000,standard backup 12 h,1000.0,12.0,True,False,keep,False,47,0.6170212765957447,278548.31041113276,197,230,341,11.0,11.0,18909.75,26,23.27543087488412,0.0,-1717580.4793225885,964985.7660281569,-750812.8914474142,964985.7660281573,5.0,1.0,0.07182785108913468,0.0,4.0,0.0,11.0,11.0,0.0,0.0,32.96237755422749,0.0,27226.56346157357,19.664015363421406,28976.617286579043,19.664015363421406,30.0,0.4,278355.44093564374,197.0,218.0,341.0,5.0,11.0,18909.75,26.0,17.19011967443701,0.0,-1750239.6329660672,964961.2009627295,-785278.4320033418,964961.20096273
uri,0.1,0.001,0,3000,precharge off,1000.0,8.0,False,False,keep,False,47,1.0,76.7937093516071,681,663,0,5.0,11.0,21847.75,37,30.47423294203732,0.0,-1336720.6386864802,699259.2142086977,-636139.446829839,699259.2142086976,5.0,1.0,0.020679553640056823,0.0,3.0,0.0,11.0,11.0,0.0,0.0,49.92046866931149,0.0,9386.602015327317,7.9317707874522405,9920.676264465754,7.9317707874522405,30.0,1.0,76.74378856109507,681.0,655.0,0.0,5.0,11.0,21847.75,37.0,16.689828435267323,0.0,-1367451.662959917,698921.7000878016,-668529.9628721153,698921.7000878014
uri,0.1,0.001,1,3000,precharge off,1000.0,8.0,False,False,keep,False,47,1.0,99.19794562817957,963,928,0,5.0,11.0,18476.75,36,30.47306235179724,0.0,-1356842.8865946683,722817.0757196678,-632694.4492888779,722817.0757196685,5.0,1.0,0.01227420867913646,0.0,3.0,0.0,11.0,11.0,0.0,0.0,50.08857120622338,0.0,9387.86144602373,8.090618608240463,9920.487679127515,8.09061860824046,30.0,1.0,98.92303619012387,963.0,915.0,0.0,5.0,11.0,18476.75,36.0,16.521154153193425,0.0,-1387287.7784735216,722547.1732346113,-664740.605238911,722547.173234612
uri,0.1,0.001,2,3000,precharge off,1000.0,8.0,False,False,keep,False,47,0.9574468085106383,7591.769209883613,248,276,0,11.0,11.0,19430.5,26,30.21240734757526,0.0,-1332938.637764832,713680.149596979,-617934.2408136306,713680.1495969784,5.0,1.0,0.02141358739602015,0.0,4.0,0.0,11.0,11.0,0.0,0.0,50.02233404381583,0.0,9395.126610924719,6.9764295998452726,9920.5409150405,6.976429599845273,30.0,0.9333333333333333,7591.49648856124,248.0,260.0,0.0,11.0,11.0,19430.5,26.0,16.15776499890955,0.0,-1352031.7517309887,713343.5570599369,-638688.1946710518,713343.5570599365
uri,0.3,0.001,0,3000,precharge off,1000.0,8.0,False,False,keep,False,47,0.7446808510638298,97895.72090598276,681,661,524,11.0,11.0,21643.0,37,33.36159402697304,0.0,-1528332.2732334214,466806.4802301165,-1060563.1531365,466806.4802301165,5.0,1.0,0.06203744296789643,0.0,3.0,0.0,11.0,11.0,0.0,0.0,45.79874411517491,0.0,29228.038682438473,8.075815795300059,29758.722445775886,8.075815795300057,30.0,0.6,97895.57123706196,681.0,653.0,524.0,11.0,11.0,21643.0,37.0,26.343895480792305,0.0,-1625380.70607531,466491.5152680302,-1158889.1908072783,466491.5152680303
uri,0.3,0.001,1,3000,precharge off,1000.0,8.0,False,False,keep,False,47,0.8297872340425532,66115.1836396713,871,828,351,5.0,11.0,18324.0,36,33.61005693047655,0.0,-1474998.8343691751,480807.520771599,-993219.9680533151,480807.52077159897,5.0,1.0,0.03676071588986346,0.0,3.0,0.0,11.0,11.0,0.0,0.0,45.9675869613264,0.0,29228.628995532534,8.220268875762436,29757.470573525337,8.220268875762438,30.0,0.7333333333333333,66114.39371797428,871.0,815.0,351.0,5.0,11.0,18324.0,36.0,26.62705697045528,0.0,-1584213.2503822453,480541.0157681619,-1103672.2346140838,480541.015768162
uri,0.3,0.001,2,3000,precharge off,1000.0,8.0,False,False,keep,False,47,0.6808510638297872,155274.12065581046,248,276,2,11.0,11.0,19263.75,26,33.454029253560385,0.0,-1556384.846612106,450166.70889565727,-1105256.6776281619,450166.7088956568,5.0,1.0,0.06417415542339387,0.0,4.0,0.0,11.0,11.0,0.0,0.0,45.90135407687085,0.0,29235.814720963936,7.1071566606870435,29757.632423367093,7.107156660687043,30.0,0.5,155273.16258303443,248.0,260.0,2.0,11.0,11.0,19263.75,26.0,26.474441415913812,0.0,-1653094.7438608068,449855.4439453436,-1203239.29991546,449855.4439453431
uri,0.1,0.001,0,3000,skip before storm,1000.0,8.0,True,True,keep,False,23,1.0,27.121419428889944,224,265,0,11.0,11.0,21623.25,37,31.688452693045573,0.0,-1340281.78070091,689613.3302572073,-649194.3401648412,689613.3302572072,5.0,1.0,0.020679553640056823,0.0,3.0,0.0,11.0,11.0,0.0,0.0,50.02983141451966,0.0,9292.87499780992,7.931706145453328,9920.6762807832,7.931706145453327,12.0,1.0,27.07146754361734,224.0,257.0,0.0,11.0,11.0,21623.25,37.0,18.60463954685954,0.0,-1352016.9067925157,689276.1298695931,-662740.7769229223,689276.1298695932
uri,0.1,0.001,1,3000,skip before storm,1000.0,8.0,True,True,keep,False,23,1.0,55.28657883365123,503,515,0,11.0,11.0,18293.75,36,31.821198243980664,0.0,-1359229.5123554566,711269.2943441231,-646465.4162515317,711269.2943441233,5.0,1.0,0.012261825269965415,0.0,3.0,0.0,11.0,11.0,0.0,0.0,50.2002525189297,0.0,9291.22348937303,8.090512105605221,9920.487713187453,8.09051210560522,12.0,1.0,55.25848637663171,503.0,508.0,0.0,11.0,11.0,18293.75,36.0,18.714681076436076,0.0,-1371219.4958233214,710999.3931719242,-660220.1026513971,710999.3931719245
uri,0.1,0.001,2,3000,skip before storm,1000.0,8.0,True,True,keep,False,23,1.0,29.55129122294716,248,266,0,11.0,11.0,19239.5,26,31.587799012402666,0.0,-1314179.240395669,705062.6782852985,-607614.7717697347,705062.6782852985,5.0,1.0,0.021408091057622862,0.0,4.0,0.0,11.0,11.0,0.0,0.0,50.13384392460193,0.0,9299.029294191956,6.976376674437795,9920.540956933346,6.9763766744377955,12.0,1.0,29.49298266864448,248.0,256.0,0.0,11.0,11.0,19239.5,26.0,18.379691393105897,0.0,-1325184.2268880422,704726.086138405,-620458.140749638,704726.0861384048
uri,0.3,0.001,0,3000,skip before storm,1000.0,8.0,True,True,keep,False,23,0.8260869565217391,17923.06666926553,224,265,0,11.0,11.0,21639.25,37,35.82509345428764,0.0,-1505176.2701566957,455876.1166296902,-1047196.7416262408,455876.1166296903,5.0,1.0,0.06203744296789643,0.0,3.0,0.0,11.0,11.0,0.0,0.0,49.49212634722318,0.0,27947.766842531935,8.06372062747773,29758.741744619354,8.06372062747773,12.0,0.6666666666666666,17922.91662382938,224.0,257.0,0.0,11.0,11.0,21639.25,37.0,27.471018988493665,0.0,-1557654.3138175448,455561.16376277176,-1102093.150054777,455561.1637627718
uri,0.3,0.001,1,3000,skip before storm,1000.0,8.0,True,True,keep,False,23,0.9130434782608695,11442.845261913193,503,516,0,11.0,11.0,18321.0,36,36.18774958249592,0.0,-1507836.6138836455,469605.6590280881,-1036137.5693105807,469605.6590280879,5.0,1.0,0.03670590407901159,0.0,3.0,0.0,11.0,11.0,0.0,0.0,49.68308104524735,0.0,27943.503785094494,8.215281232459423,29757.510923166392,8.215281232459423,12.0,0.8333333333333334,11442.762118413946,503.0,509.0,0.0,11.0,11.0,18321.0,36.0,27.940916652777922,0.0,-1560770.8526277165,469339.15901229426,-1091431.6936154254,469339.1590122942
uri,0.3,0.001,2,3000,skip before storm,1000.0,8.0,True,True,keep,False,23,0.8695652173913043,29416.764284356388,248,266,231,11.0,11.0,19260.5,26,35.85865401048298,0.0,-1483041.8766003193,456622.2483340816,-1024313.770428753,456622.24833408155,5.0,1.0,0.06407466597275133,0.0,4.0,0.0,11.0,11.0,0.0,0.0,49.607479409017955,0.0,27953.090665002055,7.102720727062071,29757.66196194012,7.102720727062071,12.0,0.75,29416.58906382748,248.0,256.0,231.0,11.0,11.0,19260.5,26.0,27.45169438212593,0.0,-1535473.4988957988,456314.5683953824,-1079158.9305004198,456314.56839538226
uri,0.1,0.001,0,3000,sell headroom,1000.0,8.0,True,False,sell,False,47,0.9148936170212766,19203.18685299449,681,661,0,5.0,11.0,22143.0,37,21.871164189214255,238.54158217608875,-1236999.529216658,899663.0313631794,-1322370.4648839566,899663.0313631799,5.0,1.0,0.0,0.0,3.0,0.0,11.0,11.0,0.0,0.0,43.42926400366265,121.58908420599644,209587.9987029611,16.2312829013922,8167.684440192911,16.231282901392202,30.0,0.8666666666666667,19203.15760021684,681.0,653.0,0.0,5.0,11.0,22143.0,37.0,9.40629050493462,86.3166706681952,-1492937.468971932,899306.1110734337,-1320219.4936305168,899306.1110734339
uri,0.1,0.001,1,3000,sell headroom,1000.0,8.0,True,False,sell,False,47,0.9787234042553191,4308.900789714028,963,928,0,5.0,11.0,18744.5,36,21.92441577872371,211.19199484151108,-1248591.756720059,902785.307396084,-1102008.1710954455,902785.3073960844,5.0,1.0,0.0,0.0,3.0,0.0,11.0,11.0,0.0,0.0,43.61953087364647,121.51054926878956,209582.9947474784,18.644731021072975,8199.234503187272,18.644731021072978,30.0,0.9666666666666667,4308.635582309281,963.0,915.0,0.0,5.0,11.0,18744.5,36.0,9.387950181906215,59.11763079795483,-1504317.73459421,902492.0465506224,-1099903.2033194974,902492.0465506229
uri,0.1,0.001,2,3000,sell headroom,1000.0,8.0,True,False,sell,False,47,0.851063829787234,41340.783752407944,248,276,0,11.0,11.0,19695.0,26,21.85426828564642,223.30582305456034,-1268371.2173597272,887458.0014225292,-1228957.8809532768,887458.0014225293,5.0,1.0,0.0,0.0,4.0,0.0,11.0,11.0,0.0,0.0,43.53549130187574,121.63695199480728,209704.6340642,17.556027655670988,8183.273790334246,17.556027655670988,30.0,0.7666666666666667,41340.50463635684,248.0,260.0,0.0,11.0,11.0,19695.0,26.0,9.325564382872786,71.07839408616849,-1524190.679720417,887100.8108506324,-1226801.9767371307,887100.8108506325
uri,0.3,0.001,0,3000,sell headroom,1000.0,8.0,True,False,sell,False,47,0.723404255319149,117941.28882355655,681,661,524,11.0,11.0,21639.25,37,31.507479724341117,172.8092330198228,-1390443.0244077686,498843.5489188074,-1693154.3750854637,498843.5489188076,5.0,1.0,0.0,0.0,3.0,0.0,11.0,11.0,0.0,0.0,45.37904198127259,78.30007998256106,157900.5847905667,8.801270472987254,27494.25004133957,8.801270472987252,30.0,0.5666666666666667,117941.2010652236,681.0,653.0,524.0,11.0,11.0,21639.25,37.0,24.06542733590525,69.99259517329034,-1586512.5826332266,498522.44006579195,-1710891.1200738547,498522.4400657921
uri,0.3,0.001,1,3000,sell headroom,1000.0,8.0,True,False,sell,False,47,0.8297872340425532,67759.01899320255,871,828,351,5.0,11.0,18324.0,36,31.73459424153129,155.33575243850095,-1327902.1404244504,509584.6273829118,-1459146.0548867271,509584.6273829118,5.0,1.0,0.0,0.0,3.0,0.0,11.0,11.0,0.0,0.0,45.54485049464362,78.56567872732508,158375.23164244893,9.133222271724726,27521.803125573984,9.13322227172473,30.0,0.7333333333333333,67758.2233709883,871.0,815.0,351.0,5.0,11.0,18324.0,36.0,24.40467755051772,52.001276639044015,-1524608.6137478538,509314.6158940013,-1476808.4336371978,509314.6158940013
uri,0.3,0.001,2,3000,sell headroom,1000.0,8.0,True,False,sell,False,47,0.6595744680851063,170411.25747423584,248,276,2,11.0,11.0,19261.25,26,31.448043374205586,177.15133115741563,-1430723.1013767503,485819.12133126723,-1748063.8969120325,485819.1213312672,5.0,1.0,0.0,0.0,4.0,0.0,11.0,11.0,0.0,0.0,45.471006589911056,78.54649656386746,158330.08966692133,8.100038143223475,27505.72526193401,8.100038143223474,30.0,0.4666666666666667,170410.42012608255,248.0,260.0,2.0,11.0,11.0,19261.25,26.0,23.907797481353843,73.88111577902887,-1627212.0278439894,485500.274094415,-1765575.9545544062,485500.2740944149
uri,0.1,0.001,0,3000,spread by domain,1000.0,8.0,True,False,keep,True,47,1.0,65.8221266902518,681,663,0,5.0,11.0,21971.5,37,33.373132259255605,0.0,-1344610.7457533933,554144.0501130011,-789004.7684893651,554144.0501130015,5.0,1.0,0.018986424847677708,0.0,3.0,0.0,11.0,11.0,0.0,0.0,50.06966337514606,0.0,9287.914948871461,7.924162377669509,9920.675097188912,7.924162377669509,30.0,1.0,65.77081444076663,681.0,655.0,0.0,5.0,11.0,21971.5,37.0,21.75287823152841,0.0,-1387623.964052783,553813.298070471,-833810.6659823101,553813.2980704712
uri,0.1,0.001,1,3000,spread by domain,1000.0,8.0,True,False,keep,True,47,1.0,89.34284281755467,963,928,0,5.0,11.0,18554.75,36,32.811251082924834,0.0,-1368553.3799873719,581656.645373761,-785373.6962272526,581656.6453737613,5.0,1.0,0.011169370896112793,0.0,3.0,0.0,11.0,11.0,0.0,0.0,50.265905358947826,0.0,9283.001778854024,8.082387237452071,9920.414095846409,8.082387237452073,30.0,1.0,89.12840554982145,963.0,915.0,0.0,5.0,11.0,18554.75,36.0,20.5843243371517,0.0,-1406107.39570386,581386.1446601569,-824721.2510437015,581386.1446601572
uri,0.1,0.001,2,3000,spread by domain,1000.0,8.0,True,False,keep,True,47,1.0,24.837561939859814,248,276,0,11.0,11.0,19515.5,26,32.53986627766388,0.0,-1317698.6895477537,589890.7037253685,-726239.8546418775,589890.7037253685,5.0,1.0,0.019547791346276117,0.0,4.0,0.0,11.0,11.0,0.0,0.0,50.194505051289326,0.0,9291.028018346035,6.969688921980927,9920.54456406675,6.969688921980925,30.0,1.0,24.560203607808905,248.0,260.0,0.0,11.0,11.0,19515.5,26.0,20.295112178921602,0.0,-1351800.5906090671,589563.4208309378,-762237.1697781279,589563.4208309378
uri,0.2,0.001,0,3000,spread by domain,1000.0,8.0,True,False,keep,True,47,0.9361702127659575,9236.911427308132,681,662,0,5.0,11.0,21622.0,37,35.393254632194605,0.0,-1440439.9088217542,473690.55531819246,-964931.1933033414,473690.55531819223,5.0,1.0,0.03797300347968788,0.0,3.0,0.0,11.0,11.0,0.0,0.0,49.601232893231405,0.0,18620.05118217866,8.10490661743621,19840.102932424714,8.104906617436212,30.0,0.9,9236.808800752988,681.0,654.0,0.0,5.0,11.0,21622.0,37.0,26.199266142764213,0.0,-1530323.3718033968,473366.31543772726,-1056957.0563656786,473366.3154377271
uri,0.2,0.001,1,3000,spread by domain,1000.0,8.0,True,False,keep,True,47,0.9787234042553191,4524.654415650999,963,929,0,5.0,11.0,18138.25,36,35.5126162595676,0.0,-1438481.207801883,483153.33540249063,-953467.468482423,483153.3354024907,5.0,1.0,0.02226655237144877,0.0,3.0,0.0,11.0,11.0,0.0,0.0,49.784699215366444,0.0,18621.580714606418,8.3283710491452,19839.14744258359,8.328371049145204,30.0,0.9666666666666667,4524.220753535792,963.0,916.0,0.0,5.0,11.0,18138.25,36.0,26.25055995108321,0.0,-1534160.9395718004,482886.26423271757,-1051274.6753390909,482886.26423271757
uri,0.2,0.001,2,3000,spread by domain,1000.0,8.0,True,False,keep,True,47,0.8723404255319149,33598.91254639366,248,276,0,11.0,11.0,19090.0,26,35.112383477684226,0.0,-1428879.6307627219,466073.37822659535,-960866.5104689614,466073.3782265951,5.0,1.0,0.03898582709382918,0.0,4.0,0.0,11.0,11.0,0.0,0.0,49.71585226290647,0.0,18629.423740370392,7.209032154494494,19839.496592386993,7.209032154494492,30.0,0.8,33598.33599110926,248.0,260.0,0.0,11.0,11.0,19090.0,26.0,25.76081062565876,0.0,-1525287.8243015215,465762.7849146415,-1059525.039386889,465762.7849146413
uri,0.3,0.001,0,3000,spread by domain,1000.0,8.0,True,False,keep,True,47,0.7446808510638298,98523.52076275765,595,576,382,11.0,11.0,21251.5,37,36.437003289371674,0.0,-1525197.5050405518,463702.6163393075,-1059175.6573835611,463702.61633930757,5.0,1.0,0.05695967901401647,0.0,3.0,0.0,11.0,11.0,0.0,0.0,49.493707592975916,0.0,27943.18239088292,8.065303998905737,29754.154559196366,8.065303998905733,30.0,0.6,98523.36676452601,595.0,568.0,382.0,11.0,11.0,21251.5,37.0,28.594646598623285,0.0,-1653082.2242241283,463387.66026735946,-1189694.5639567652,463387.6602673595
uri,0.3,0.001,1,3000,spread by domain,1000.0,8.0,True,False,keep,True,47,0.8297872340425532,64238.939109315455,870,828,656,5.0,11.0,17979.25,36,37.05940816683781,0.0,-1481598.6662320471,474260.36201794166,-1005077.4918272992,474260.3620179417,5.0,1.0,0.03341592069363899,0.0,3.0,0.0,11.0,11.0,0.0,0.0,49.690330773385284,0.0,27646.50035953345,8.230543222184371,29411.363376926147,8.230543222184373,30.0,0.7333333333333333,64238.20665848383,870.0,815.0,656.0,5.0,11.0,17979.25,36.0,29.317850057200467,0.0,-1631933.2591029457,473996.8663577143,-1157936.392745229,473996.86635771435
uri,0.3,0.001,2,3000,spread by domain,1000.0,8.0,True,False,keep,True,47,0.6808510638297872,154455.23257863507,248,276,2,11.0,11.0,18912.5,26,36.88763397367497,0.0,-1554616.8609818511,444004.2493684488,-1108331.521207416,444004.2493684485,5.0,1.0,0.05848621992860203,0.0,4.0,0.0,11.0,11.0,0.0,0.0,49.6128501351443,0.0,27764.34342751371,7.117385387203654,29539.92110566889,7.117385387203652,30.0,0.5,154454.36312325028,248.0,260.0,2.0,11.0,11.0,18912.5,26.0,29.156953999492096,0.0,-1698512.5512648155,443692.94585954066,-1254819.6054052715,443692.94585954037
